{"cameraMode":{"drawMode":0,"name":"Shaded","section":"Shading Mode"},"sceneLighting":true,"audioPlay":false,"sceneViewState":{"showFog":true,"showMaterialUpdate":true,"showSkybox":false,"showFlares":true,"showImageEffects":true,"showParticleSystems":true},"in2DMode":false,"pivot":{"x":0.06809234619140625,"y":6.717940330505371,"z":9.699999809265137},"rotation":{"x":-0.11771179735660553,"y":0.116499163210392,"z":-0.013907072134315968,"w":-0.9860938191413879},"size":20.36180305480957,"orthographic":false}